10000000000,Amal,Livingston,No binario,Tulua,Valle del Cauca,388,21,C.C,3,13
10000000001,William,Norris,No binario,Cartagena,Bolivar,301,22,C.C,2,8
10000000002,Quamar,Ryan,Masculino,Soacha,Cundinamarca,329,22,C.C,2,22
10000000003,Mohammad,Wiley,No binario,Palmira,Valle del Cauca,365,21,C.C,1,19
10000000004,Upton,Barron,No binario,Palmira,Valle del Cauca,345,18,C.C,1,19
10000000005,Maxwell,Baker,No binario,Tulua,Valle del Cauca,410,22,C.C,3,7
10000000006,Henry,Farmer,Masculino,Cartagena,Bolivar,311,21,C.C,2,11
10000000007,Isaac,Crosby,No binario,Santa Marta,Magdalena,298,20,C.C,1,8
10000000008,Xander,Hubbard,No binario,Barranquilla,Atlantico,328,17,T.I,2,4
10000000009,Fulton,Nichols,Masculino,Soacha,Cundinamarca,311,20,C.C,3,1
10000000010,James,Duran,Masculino,Palmira,Valle del Cauca,369,20,C.C,3,25
10000000011,Hedley,Terrell,Masculino,Aracataca,Magdalena,361,23,C.C,2,14
10000000012,Kelly,Lynch,Masculino,Barranquilla,Atlantico,395,21,C.C,1,7
10000000013,Hunter,Robertson,No binario,Barranquilla,Atlantico,375,19,C.C,2,23
10000000014,Jordan,Thompson,No binario,Cartagena,Bolivar,295,17,T.I,2,2
10000000015,Blaze,Riddle,Masculino,Cartagena,Bolivar,437,23,C.C,1,3
10000000016,Orlando,Pugh,Masculino,Cartagena,Bolivar,302,17,T.I,1,12
10000000017,Damian,Poole,Masculino,Soacha,Cundinamarca,343,20,C.C,1,21
10000000018,Jonah,Giles,No binario,Tulua,Valle del Cauca,311,22,C.C,2,8
10000000019,Dieter,Ware,Masculino,Tulua,Valle del Cauca,295,18,C.C,3,12
10000000020,Hasad,Pearson,Masculino,Soacha,Cundinamarca,395,20,C.C,2,4
10000000021,Joseph,Austin,No binario,Cali,Valle del Cauca,402,18,C.C,2,21
10000000022,Hakeem,Garcia,Masculino,Palmira,Valle del Cauca,353,21,C.C,1,6
10000000023,Tucker,Craft,No binario,Cali,Valle del Cauca,363,18,C.C,2,18
10000000024,Acton,Larson,Masculino,Tulua,Valle del Cauca,435,21,C.C,3,13
10000000025,Keaton,Moran,No binario,Cartagena,Bolivar,430,17,T.I,3,2
10000000026,Abel,Jefferson,Masculino,Tulua,Valle del Cauca,402,20,C.C,2,18
10000000027,Herrod,Simon,No binario,Aracataca,Magdalena,431,18,C.C,1,20
10000000028,Lionel,Mcgee,Masculino,Cartagena,Bolivar,328,16,T.I,1,13
10000000029,Neville,Lawrence,Masculino,Cali,Valle del Cauca,336,20,C.C,2,7
10000000030,Jonah,Gallegos,Masculino,Aracataca,Magdalena,319,16,T.I,2,25
10000000031,Rogan,Beasley,No binario,Soacha,Cundinamarca,381,17,T.I,3,17
10000000032,Walter,Henderson,Masculino,Tulua,Valle del Cauca,376,22,C.C,1,22
10000000033,John,Noel,Masculino,Palmira,Valle del Cauca,312,18,C.C,1,18
10000000034,Louis,Quinn,Masculino,Barranquilla,Atlantico,357,17,T.I,1,17
10000000035,Caesar,Franco,Masculino,Palmira,Valle del Cauca,307,17,T.I,2,1
10000000036,Arthur,Torres,No binario,Cali,Valle del Cauca,444,21,C.C,1,5
10000000037,Deacon,Frederick,No binario,Cartagena,Bolivar,435,18,C.C,1,19
10000000038,Calvin,Callahan,No binario,Tulua,Valle del Cauca,421,20,C.C,1,12
10000000039,Palmer,Reid,No binario,Tulua,Valle del Cauca,381,18,C.C,2,5
10000000040,Carson,Bowen,Masculino,Soacha,Cundinamarca,298,23,C.C,2,8
10000000041,Holmes,Levine,No binario,Palmira,Valle del Cauca,371,19,C.C,2,10
10000000042,Paki,Kinney,No binario,Soacha,Cundinamarca,321,20,C.C,1,19
10000000043,Dillon,Mcclure,No binario,Santa Marta,Magdalena,311,22,C.C,1,6
10000000044,Malachi,Watson,No binario,Bogota,Cundinamarca,321,18,C.C,1,2
10000000045,Curran,Tyson,Masculino,Santa Marta,Magdalena,321,19,C.C,3,8
10000000046,Caldwell,West,Masculino,Cali,Valle del Cauca,398,23,C.C,2,3
10000000047,Justin,Hood,No binario,Bogota,Cundinamarca,352,21,C.C,1,13
10000000048,Griffin,Wells,Masculino,Bogota,Cundinamarca,408,16,T.I,2,16
10000000049,Nathan,Calderon,Masculino,Bogota,Cundinamarca,374,19,C.C,2,24
10000000050,Ahmed,Jimenez,No binario,Bogota,Cundinamarca,421,18,C.C,2,7
10000000051,Devin,George,Masculino,Cali,Valle del Cauca,330,19,C.C,2,4
10000000052,Solomon,Mayo,Masculino,Cali,Valle del Cauca,436,17,T.I,2,9
10000000053,Cadman,Duncan,No binario,Aracataca,Magdalena,415,18,C.C,1,7
10000000054,Chancellor,Pollard,No binario,Cali,Valle del Cauca,351,18,C.C,1,14
10000000055,Brendan,Lloyd,Masculino,Palmira,Valle del Cauca,389,19,C.C,3,20
10000000056,Merrill,Mcintosh,No binario,Tulua,Valle del Cauca,304,23,C.C,2,10
10000000057,Harding,Patrick,No binario,Cartagena,Bolivar,418,19,C.C,1,15
10000000058,Asher,Hogan,No binario,Bogota,Cundinamarca,444,23,C.C,3,20
10000000059,Jerome,Kidd,Masculino,Santa Marta,Magdalena,414,19,C.C,3,17
10000000060,Isaiah,Perkins,Masculino,Barranquilla,Atlantico,303,19,C.C,1,11
10000000061,Noah,Wells,No binario,Palmira,Valle del Cauca,323,22,C.C,2,5
10000000062,Flynn,Morin,Masculino,Bogota,Cundinamarca,291,17,T.I,2,20
10000000063,Moses,Casey,No binario,Palmira,Valle del Cauca,296,21,C.C,2,7
10000000064,Alvin,Mcneil,No binario,Cartagena,Bolivar,360,19,C.C,2,11
10000000065,Garrison,Cotton,No binario,Aracataca,Magdalena,315,17,T.I,1,3
10000000066,Boris,Donovan,No binario,Santa Marta,Magdalena,447,21,C.C,1,8
10000000067,Reuben,Bell,Masculino,Barranquilla,Atlantico,379,22,C.C,3,13
10000000068,Calvin,Roberson,Masculino,Bogota,Cundinamarca,332,20,C.C,2,21
10000000069,Lyle,Hatfield,No binario,Soacha,Cundinamarca,325,17,T.I,2,2
10000000070,Tate,O'connor,Masculino,Santa Marta,Magdalena,416,17,T.I,2,13
10000000071,Robert,Marshall,Masculino,Tulua,Valle del Cauca,421,22,C.C,2,18
10000000072,Davis,Henry,Masculino,Tulua,Valle del Cauca,415,17,T.I,3,3
10000000073,Ryder,Little,Masculino,Cartagena,Bolivar,384,17,T.I,2,9
10000000074,Kieran,Crawford,Masculino,Palmira,Valle del Cauca,346,23,C.C,1,2
10000000075,Demetrius,Holland,Masculino,Cartagena,Bolivar,446,22,C.C,2,22
10000000076,Beau,Green,Masculino,Tulua,Valle del Cauca,426,17,T.I,3,3
10000000077,Barclay,Bailey,No binario,Bogota,Cundinamarca,402,20,C.C,2,7
10000000078,Rigel,Callahan,Masculino,Cali,Valle del Cauca,304,21,C.C,2,11
10000000079,Cole,Stanley,No binario,Santa Marta,Magdalena,296,19,C.C,2,19
10000000080,Acton,Lindsay,No binario,Barranquilla,Atlantico,416,17,T.I,3,18
10000000081,Isaiah,Gordon,Masculino,Cali,Valle del Cauca,410,17,T.I,3,15
10000000082,Lance,Cameron,No binario,Tulua,Valle del Cauca,367,17,T.I,2,22
10000000083,Randall,Melton,Masculino,Aracataca,Magdalena,318,21,C.C,2,4
10000000084,Allistair,Ewing,Masculino,Cartagena,Bolivar,438,22,C.C,2,4
10000000085,Channing,Key,No binario,Barranquilla,Atlantico,304,21,C.C,2,4
10000000086,Garrison,Terry,No binario,Santa Marta,Magdalena,436,18,C.C,2,22
10000000087,Perry,Ochoa,Masculino,Cartagena,Bolivar,307,16,T.I,3,2
10000000088,Otto,Herring,Masculino,Barranquilla,Atlantico,376,22,C.C,1,1
10000000089,Callum,Meyer,Masculino,Soacha,Cundinamarca,363,20,C.C,2,2
10000000090,Porter,Walton,Masculino,Palmira,Valle del Cauca,411,20,C.C,3,4
10000000091,Hop,Barrett,No binario,Cali,Valle del Cauca,421,22,C.C,2,23
10000000092,Carlos,Shepherd,No binario,Tulua,Valle del Cauca,421,16,T.I,2,23
10000000093,Matthew,Gay,No binario,Cali,Valle del Cauca,408,18,C.C,3,10
10000000094,Sawyer,George,No binario,Cali,Valle del Cauca,371,22,C.C,3,2
10000000095,Abel,Juarez,No binario,Tulua,Valle del Cauca,418,21,C.C,1,13
10000000096,Stewart,Shaffer,Masculino,Barranquilla,Atlantico,390,20,C.C,2,20
10000000097,Aidan,Jenkins,No binario,Aracataca,Magdalena,412,18,C.C,2,21
10000000098,Hall,Dillard,No binario,Tulua,Valle del Cauca,388,18,C.C,3,11
10000000099,Noble,Mccullough,Masculino,Soacha,Cundinamarca,413,22,C.C,2,23
10000000100,Quinn,Alvarez,Masculino,Bogota,Cundinamarca,317,21,C.C,1,1
10000000101,Grady,Rocha,Masculino,Tulua,Valle del Cauca,350,20,C.C,1,3
10000000102,Garrison,Holcomb,No binario,Santa Marta,Magdalena,322,17,T.I,2,24
10000000103,Stewart,Burris,No binario,Soacha,Cundinamarca,401,22,C.C,3,15
10000000104,Ali,Kirk,Masculino,Barranquilla,Atlantico,334,20,C.C,2,15
10000000105,Evan,Charles,Masculino,Aracataca,Magdalena,313,19,C.C,1,14
10000000106,Grant,Andrews,No binario,Santa Marta,Magdalena,425,20,C.C,2,25
10000000107,Christian,King,No binario,Aracataca,Magdalena,351,19,C.C,2,23
10000000108,Jack,Pickett,No binario,Cali,Valle del Cauca,353,19,C.C,2,3
10000000109,Xavier,Conner,Masculino,Tulua,Valle del Cauca,349,19,C.C,2,24
10000000110,Channing,Glass,Masculino,Santa Marta,Magdalena,365,22,C.C,2,5
10000000111,Kennedy,Huber,Masculino,Cartagena,Bolivar,388,17,T.I,1,9
10000000112,Hedley,Olsen,No binario,Aracataca,Magdalena,445,18,C.C,1,7
10000000113,Herrod,Conner,No binario,Cartagena,Bolivar,395,16,T.I,3,17
10000000114,Walker,Solis,Masculino,Cartagena,Bolivar,351,20,C.C,2,23
10000000115,Alan,Puckett,Masculino,Bogota,Cundinamarca,291,16,T.I,1,19
10000000116,Abbot,Ball,Masculino,Cali,Valle del Cauca,333,21,C.C,2,18
10000000117,Nissim,Potts,No binario,Palmira,Valle del Cauca,291,20,C.C,3,17
10000000118,Alec,Skinner,Masculino,Cali,Valle del Cauca,432,17,T.I,2,7
10000000119,Reed,Burnett,Masculino,Palmira,Valle del Cauca,316,18,C.C,3,21
10000000120,Keegan,Levy,No binario,Soacha,Cundinamarca,296,18,C.C,2,2
10000000121,Joseph,Lindsay,No binario,Tulua,Valle del Cauca,448,20,C.C,3,19
10000000122,Oleg,Potts,Masculino,Palmira,Valle del Cauca,312,22,C.C,3,6
10000000123,Avram,Douglas,Masculino,Cartagena,Bolivar,378,20,C.C,3,14
10000000124,Bradley,George,Masculino,Soacha,Cundinamarca,363,23,C.C,2,9
10000000125,Wade,Conley,No binario,Palmira,Valle del Cauca,313,20,C.C,1,6
10000000126,Derek,Lara,No binario,Bogota,Cundinamarca,293,21,C.C,1,11
10000000127,Noble,Justice,No binario,Cali,Valle del Cauca,436,19,C.C,3,22
10000000128,Giacomo,Mclean,No binario,Tulua,Valle del Cauca,406,22,C.C,1,16
10000000129,Lewis,Brewer,Masculino,Cartagena,Bolivar,341,17,T.I,3,18
10000000130,Ulysses,Mclaughlin,Masculino,Soacha,Cundinamarca,404,19,C.C,2,6
10000000131,Tobias,Case,No binario,Cartagena,Bolivar,436,18,C.C,3,17
10000000132,Harrison,Zamora,No binario,Palmira,Valle del Cauca,342,19,C.C,2,20
10000000133,George,Romero,Masculino,Palmira,Valle del Cauca,432,16,T.I,3,20
10000000134,Richard,Thornton,No binario,Soacha,Cundinamarca,353,19,C.C,3,7
10000000135,Dolan,Lowe,Masculino,Cali,Valle del Cauca,388,22,C.C,2,2
10000000136,Brody,Buckner,Masculino,Cali,Valle del Cauca,358,20,C.C,3,7
10000000137,Rahim,Riggs,Masculino,Santa Marta,Magdalena,372,22,C.C,2,6
10000000138,Hiram,Galloway,Masculino,Santa Marta,Magdalena,422,18,C.C,2,15
10000000139,Hector,Benjamin,No binario,Palmira,Valle del Cauca,420,17,T.I,1,5
10000000140,Igor,Marks,Masculino,Santa Marta,Magdalena,413,22,C.C,1,8
10000000141,Lawrence,Puckett,No binario,Santa Marta,Magdalena,443,16,T.I,3,5
10000000142,Giacomo,Osborn,No binario,Santa Marta,Magdalena,409,22,C.C,2,5
10000000143,Lester,Buckley,Masculino,Santa Marta,Magdalena,318,16,T.I,3,9
10000000144,Flynn,Atkins,No binario,Cali,Valle del Cauca,340,22,C.C,2,12
10000000145,Dominic,Ewing,Masculino,Tulua,Valle del Cauca,385,21,C.C,2,4
10000000146,Calvin,Wheeler,No binario,Soacha,Cundinamarca,432,17,T.I,2,24
10000000147,Alvin,Stafford,Masculino,Cartagena,Bolivar,333,20,C.C,2,8
10000000148,Chandler,Acevedo,Masculino,Santa Marta,Magdalena,371,18,C.C,2,6
10000000149,Abdul,Steele,No binario,Bogota,Cundinamarca,304,18,C.C,1,16
10000000150,Kenneth,Dejesus,No binario,Bogota,Cundinamarca,318,19,C.C,1,21
10000000151,Carlos,Baird,Masculino,Soacha,Cundinamarca,398,21,C.C,2,21
10000000152,Fritz,Blackwell,Masculino,Barranquilla,Atlantico,424,16,T.I,1,4
10000000153,Ronan,Gill,No binario,Aracataca,Magdalena,308,22,C.C,2,5
10000000154,Blaze,Ashley,No binario,Barranquilla,Atlantico,352,17,T.I,1,9
10000000155,James,Cole,No binario,Santa Marta,Magdalena,447,20,C.C,1,19
10000000156,Andrew,Farrell,Masculino,Tulua,Valle del Cauca,371,21,C.C,1,18
10000000157,Marshall,Briggs,Masculino,Santa Marta,Magdalena,391,20,C.C,1,25
10000000158,Nissim,Gould,Masculino,Palmira,Valle del Cauca,399,18,C.C,1,11
10000000159,Adrian,Welch,No binario,Aracataca,Magdalena,430,21,C.C,2,25
10000000160,Robert,Wells,Masculino,Palmira,Valle del Cauca,364,20,C.C,1,21
10000000161,Melvin,Parrish,No binario,Aracataca,Magdalena,331,18,C.C,3,7
10000000162,Paki,Rosales,Masculino,Barranquilla,Atlantico,428,17,T.I,2,8
10000000163,Aquila,Sampson,Masculino,Aracataca,Magdalena,382,18,C.C,3,2
10000000164,Samson,Cooley,Masculino,Barranquilla,Atlantico,353,17,T.I,1,2
10000000165,Cain,Ingram,No binario,Cali,Valle del Cauca,353,18,C.C,2,24
10000000166,Harlan,Castillo,No binario,Aracataca,Magdalena,336,18,C.C,2,7
10000000167,Caleb,Strickland,No binario,Cali,Valle del Cauca,384,22,C.C,3,14
10000000168,Drew,Hobbs,No binario,Cartagena,Bolivar,291,23,C.C,3,9
10000000169,Hop,Mccormick,Masculino,Aracataca,Magdalena,291,23,C.C,2,25
10000000170,Moses,Lynn,Masculino,Bogota,Cundinamarca,412,23,C.C,2,3
10000000171,Brett,Gray,Masculino,Palmira,Valle del Cauca,333,18,C.C,2,10
10000000172,Valentine,Grimes,No binario,Tulua,Valle del Cauca,308,19,C.C,3,11
10000000173,Malik,Barlow,No binario,Tulua,Valle del Cauca,407,16,T.I,1,17
10000000174,Stewart,Mcdonald,Masculino,Tulua,Valle del Cauca,382,18,C.C,2,2
10000000175,Harding,Payne,No binario,Santa Marta,Magdalena,419,20,C.C,3,7
10000000176,Gil,Dale,Masculino,Barranquilla,Atlantico,348,22,C.C,2,19
10000000177,John,Pace,Masculino,Soacha,Cundinamarca,438,22,C.C,2,6
10000000178,Kuame,Velez,No binario,Tulua,Valle del Cauca,406,19,C.C,2,4
10000000179,Fritz,Levine,Masculino,Santa Marta,Magdalena,416,18,C.C,2,24
10000000180,Myles,Jordan,Masculino,Santa Marta,Magdalena,379,21,C.C,2,20
10000000181,Bruno,Fischer,No binario,Tulua,Valle del Cauca,341,22,C.C,2,24
10000000182,Galvin,Whitney,No binario,Cali,Valle del Cauca,318,21,C.C,3,3
10000000183,Amal,Sanders,No binario,Cartagena,Bolivar,399,22,C.C,2,8
10000000184,Hayden,Howe,No binario,Tulua,Valle del Cauca,418,21,C.C,3,13
10000000185,Zane,Espinoza,No binario,Santa Marta,Magdalena,350,18,C.C,2,23
10000000186,Addison,Walton,Masculino,Palmira,Valle del Cauca,290,20,C.C,3,20
10000000187,Charles,Atkins,Masculino,Aracataca,Magdalena,405,20,C.C,3,19
10000000188,Ralph,Mercado,Masculino,Bogota,Cundinamarca,434,20,C.C,3,14
10000000189,Fuller,Graham,No binario,Barranquilla,Atlantico,428,20,C.C,2,7
10000000190,Macaulay,Winters,No binario,Bogota,Cundinamarca,339,20,C.C,2,6
10000000191,Sawyer,Carey,Masculino,Cartagena,Bolivar,415,22,C.C,3,7
10000000192,Eagan,Kirk,Masculino,Tulua,Valle del Cauca,401,19,C.C,3,19
10000000193,Griffin,Mcbride,Masculino,Cali,Valle del Cauca,357,21,C.C,3,9
10000000194,Hakeem,Beard,No binario,Palmira,Valle del Cauca,375,17,T.I,2,10
10000000195,Wang,Graves,Masculino,Bogota,Cundinamarca,350,17,T.I,3,25
10000000196,Adam,Rivera,Masculino,Palmira,Valle del Cauca,292,20,C.C,2,17
10000000197,Phillip,Rosario,No binario,Aracataca,Magdalena,339,21,C.C,2,25
10000000198,Rudyard,Mayo,No binario,Cartagena,Bolivar,297,18,C.C,2,18
10000000199,Herman,Santos,No binario,Palmira,Valle del Cauca,344,19,C.C,3,16
10000000200,Gary,Hampton,No binario,Aracataca,Magdalena,300,17,T.I,2,18
10000000201,Xander,Patton,Masculino,Barranquilla,Atlantico,354,19,C.C,2,15
10000000202,Jonas,Pacheco,Masculino,Cali,Valle del Cauca,346,22,C.C,2,12
10000000203,Harrison,Chapman,Masculino,Aracataca,Magdalena,341,20,C.C,2,9
10000000204,Kenneth,Santos,Masculino,Cartagena,Bolivar,292,18,C.C,2,5
10000000205,Trevor,Mcintyre,No binario,Santa Marta,Magdalena,332,22,C.C,2,14
10000000206,Brady,Bender,Masculino,Cali,Valle del Cauca,307,18,C.C,3,23
10000000207,Malik,Stafford,Masculino,Tulua,Valle del Cauca,388,18,C.C,1,25
10000000208,Devin,Justice,Masculino,Barranquilla,Atlantico,415,18,C.C,1,20
10000000209,Uriah,Franklin,Masculino,Soacha,Cundinamarca,298,19,C.C,3,24
10000000210,Harding,Elliott,Masculino,Tulua,Valle del Cauca,430,19,C.C,2,11
10000000211,Randall,Franco,No binario,Bogota,Cundinamarca,325,22,C.C,3,5
10000000212,Oleg,Baxter,No binario,Tulua,Valle del Cauca,316,23,C.C,2,16
10000000213,Emmanuel,Church,No binario,Soacha,Cundinamarca,432,20,C.C,2,13
10000000214,Kyle,Sargent,Masculino,Cali,Valle del Cauca,384,17,T.I,1,21
10000000215,Ferdinand,Blackwell,Masculino,Santa Marta,Magdalena,448,22,C.C,2,20
10000000216,Igor,Stanley,No binario,Tulua,Valle del Cauca,417,16,T.I,3,16
10000000217,Laith,Gay,No binario,Tulua,Valle del Cauca,325,18,C.C,3,11
10000000218,Francis,Cote,No binario,Palmira,Valle del Cauca,418,20,C.C,2,4
10000000219,Otto,Mcmahon,No binario,Barranquilla,Atlantico,328,17,T.I,2,6
10000000220,Curran,Schneider,Masculino,Soacha,Cundinamarca,331,18,C.C,1,1
10000000221,Vladimir,Farmer,Masculino,Bogota,Cundinamarca,312,17,T.I,2,16
10000000222,Porter,Hendricks,No binario,Santa Marta,Magdalena,318,21,C.C,1,3
10000000223,Keaton,Thompson,Masculino,Soacha,Cundinamarca,292,20,C.C,1,5
10000000224,Gabriel,Pennington,No binario,Bogota,Cundinamarca,342,22,C.C,2,19
10000000225,Elmo,Schneider,Masculino,Tulua,Valle del Cauca,380,20,C.C,2,5
10000000226,Alexander,Rowland,No binario,Bogota,Cundinamarca,332,18,C.C,2,3
10000000227,Malcolm,Cline,No binario,Bogota,Cundinamarca,332,19,C.C,1,15
10000000228,Gary,Mccoy,Masculino,Aracataca,Magdalena,426,21,C.C,2,14
10000000229,Asher,Parsons,No binario,Palmira,Valle del Cauca,359,21,C.C,2,9
10000000230,Murphy,Pollard,Masculino,Aracataca,Magdalena,324,20,C.C,2,14
10000000231,Chancellor,Gordon,Masculino,Bogota,Cundinamarca,441,18,C.C,1,4
10000000232,Lev,Schwartz,No binario,Palmira,Valle del Cauca,415,17,T.I,1,4
10000000233,Darius,Mckenzie,No binario,Barranquilla,Atlantico,413,17,T.I,2,8
10000000234,Ishmael,O'Neill,Masculino,Palmira,Valle del Cauca,391,19,C.C,3,10
10000000235,Talon,Washington,Masculino,Soacha,Cundinamarca,408,23,C.C,3,9
10000000236,Ezekiel,Boone,Masculino,Cartagena,Bolivar,362,23,C.C,1,8
10000000237,Fitzgerald,Brady,No binario,Tulua,Valle del Cauca,386,16,T.I,3,16
10000000238,Wylie,Bauer,No binario,Santa Marta,Magdalena,292,20,C.C,3,12
10000000239,Zephania,Blankenship,No binario,Soacha,Cundinamarca,409,20,C.C,1,21
10000000240,Logan,Ewing,No binario,Santa Marta,Magdalena,331,22,C.C,3,14
10000000241,Amal,Reed,Masculino,Tulua,Valle del Cauca,343,18,C.C,1,9
10000000242,Rajah,Pena,Masculino,Tulua,Valle del Cauca,291,21,C.C,2,15
10000000243,Zephania,Robertson,No binario,Cali,Valle del Cauca,387,18,C.C,2,18
10000000244,Jason,Guerra,Masculino,Tulua,Valle del Cauca,328,20,C.C,1,3
10000000245,Nolan,Hewitt,Masculino,Soacha,Cundinamarca,349,19,C.C,2,23
10000000246,Burton,Sherman,No binario,Bogota,Cundinamarca,308,22,C.C,2,19
10000000247,Chancellor,Hayes,No binario,Soacha,Cundinamarca,443,19,C.C,2,13
10000000248,Chancellor,Duncan,No binario,Soacha,Cundinamarca,415,17,T.I,2,19
10000000249,Graiden,Collier,Masculino,Cartagena,Bolivar,349,21,C.C,2,3
10000000250,Meredith,Torres,No binario,Palmira,Valle del Cauca,426,16,T.I,1,19
10000000251,Gloria,Carr,Femenino,Cartagena,Bolivar,423,21,C.C,2,16
10000000252,Shelley,Beck,No binario,Tulua,Valle del Cauca,293,17,T.I,1,7
10000000253,Hanna,Francis,No binario,Bogota,Cundinamarca,331,18,C.C,2,22
10000000254,Moana,Byers,No binario,Palmira,Valle del Cauca,418,16,T.I,3,19
10000000255,Zoe,Bolton,No binario,Barranquilla,Atlantico,368,23,C.C,3,16
10000000256,Tamara,Stephens,No binario,Soacha,Cundinamarca,430,19,C.C,1,10
10000000257,Melanie,Thomas,No binario,Santa Marta,Magdalena,301,20,C.C,1,15
10000000258,Xandra,Mcguire,No binario,Barranquilla,Atlantico,357,23,C.C,2,24
10000000259,Rhona,Hancock,No binario,Tulua,Valle del Cauca,328,17,T.I,2,10
10000000260,Jenette,Simpson,Femenino,Cartagena,Bolivar,352,18,C.C,1,3
10000000261,Sara,Morin,Femenino,Cartagena,Bolivar,333,22,C.C,2,17
10000000262,Uma,Holden,Femenino,Soacha,Cundinamarca,432,22,C.C,3,22
10000000263,Anastasia,Glenn,Femenino,Palmira,Valle del Cauca,433,21,C.C,2,14
10000000264,Tamekah,Riggs,No binario,Soacha,Cundinamarca,390,19,C.C,2,25
10000000265,Indira,Bonner,No binario,Cali,Valle del Cauca,448,17,T.I,2,24
10000000266,Meredith,Green,No binario,Tulua,Valle del Cauca,391,23,C.C,1,13
10000000267,Sharon,Carrillo,No binario,Bogota,Cundinamarca,330,18,C.C,1,9
10000000268,Wanda,Richardson,No binario,Cali,Valle del Cauca,430,22,C.C,3,20
10000000269,Ava,Shields,Femenino,Bogota,Cundinamarca,370,22,C.C,2,20
10000000270,Keely,Benton,No binario,Bogota,Cundinamarca,332,21,C.C,3,18
10000000271,May,Boyle,No binario,Cartagena,Bolivar,330,22,C.C,2,12
10000000272,Dahlia,Hardy,Femenino,Cali,Valle del Cauca,291,20,C.C,3,17
10000000273,Joy,Greer,Femenino,Cali,Valle del Cauca,316,23,C.C,3,6
10000000274,Harriet,Cote,No binario,Barranquilla,Atlantico,379,23,C.C,2,19
10000000275,Velma,Herman,Femenino,Aracataca,Magdalena,352,22,C.C,2,4
10000000276,Ella,Abbott,Femenino,Barranquilla,Atlantico,323,20,C.C,1,21
10000000277,Shelley,Michael,No binario,Santa Marta,Magdalena,360,22,C.C,2,19
10000000278,Selma,Mcconnell,Femenino,Bogota,Cundinamarca,305,19,C.C,3,24
10000000279,Janna,Rojas,No binario,Soacha,Cundinamarca,412,19,C.C,2,16
10000000280,Noelle,Barton,Femenino,Cartagena,Bolivar,351,21,C.C,1,22
10000000281,Scarlet,Riggs,No binario,Tulua,Valle del Cauca,337,21,C.C,2,11
10000000282,Patience,Elliott,Femenino,Palmira,Valle del Cauca,315,19,C.C,2,4
10000000283,Venus,Rodgers,Femenino,Santa Marta,Magdalena,400,18,C.C,1,18
10000000284,Colleen,Ball,No binario,Aracataca,Magdalena,447,22,C.C,2,5
10000000285,Dai,Clemons,Femenino,Aracataca,Magdalena,408,21,C.C,2,23
10000000286,Orla,Bradshaw,Femenino,Cartagena,Bolivar,399,20,C.C,2,7
10000000287,Gillian,Ewing,No binario,Cartagena,Bolivar,297,20,C.C,3,22
10000000288,India,Barber,No binario,Cali,Valle del Cauca,334,22,C.C,1,22
10000000289,Brooke,Allen,Femenino,Soacha,Cundinamarca,379,18,C.C,1,16
10000000290,Hedy,Perkins,Femenino,Cali,Valle del Cauca,334,18,C.C,2,13
10000000291,Carla,Watkins,Femenino,Cartagena,Bolivar,379,19,C.C,2,4
10000000292,Ciara,Good,No binario,Bogota,Cundinamarca,300,19,C.C,2,7
10000000293,Indira,Patel,No binario,Palmira,Valle del Cauca,416,18,C.C,2,23
10000000294,Yael,Mcguire,No binario,Tulua,Valle del Cauca,296,21,C.C,2,8
10000000295,Rae,Burt,Femenino,Palmira,Valle del Cauca,348,16,T.I,1,23
10000000296,Lisandra,Cantrell,Femenino,Cali,Valle del Cauca,363,23,C.C,1,3
10000000297,Vanna,Hess,Femenino,Cali,Valle del Cauca,424,21,C.C,3,2
10000000298,Adele,Parsons,No binario,Tulua,Valle del Cauca,322,16,T.I,3,14
10000000299,Emily,Estrada,No binario,Tulua,Valle del Cauca,374,21,C.C,2,8
10000000300,Ebony,Clements,Femenino,Cartagena,Bolivar,390,19,C.C,2,18
10000000301,Chava,Rogers,No binario,Cartagena,Bolivar,340,18,C.C,2,18
10000000302,Amena,Snider,No binario,Cali,Valle del Cauca,376,17,T.I,2,15
10000000303,Imogene,Haynes,Femenino,Tulua,Valle del Cauca,448,17,T.I,3,23
10000000304,Janna,Noel,No binario,Cali,Valle del Cauca,431,19,C.C,2,8
10000000305,Idola,Merritt,Femenino,Cartagena,Bolivar,374,17,T.I,2,19
10000000306,Cailin,Boyd,No binario,Cartagena,Bolivar,431,22,C.C,1,17
10000000307,Ursula,Barry,Femenino,Aracataca,Magdalena,306,22,C.C,2,21
10000000308,Tanisha,Nunez,Femenino,Santa Marta,Magdalena,418,22,C.C,3,23
10000000309,Cameran,Joseph,No binario,Palmira,Valle del Cauca,392,22,C.C,3,19
10000000310,Aretha,Stone,Femenino,Santa Marta,Magdalena,312,20,C.C,3,11
10000000311,Signe,Tillman,No binario,Palmira,Valle del Cauca,399,19,C.C,2,7
10000000312,Sybill,Wade,Femenino,Cali,Valle del Cauca,368,18,C.C,2,4
10000000313,Winifred,Mullins,Femenino,Palmira,Valle del Cauca,419,19,C.C,1,4
10000000314,Portia,Dotson,No binario,Bogota,Cundinamarca,430,22,C.C,1,8
10000000315,Rylee,Small,No binario,Aracataca,Magdalena,365,18,C.C,2,11
10000000316,Sybill,Norman,No binario,Cali,Valle del Cauca,307,17,T.I,2,18
10000000317,Ora,Parrish,Femenino,Santa Marta,Magdalena,380,17,T.I,1,2
10000000318,Bell,Hughes,Femenino,Bogota,Cundinamarca,297,16,T.I,1,22
10000000319,Adrienne,Sawyer,No binario,Cali,Valle del Cauca,320,16,T.I,2,8
10000000320,Kiara,Brewer,Femenino,Soacha,Cundinamarca,351,21,C.C,2,1
10000000321,Leslie,Buchanan,Femenino,Santa Marta,Magdalena,407,16,T.I,2,19
10000000322,Shea,Jenkins,No binario,Palmira,Valle del Cauca,318,20,C.C,3,14
10000000323,Fleur,Frye,No binario,Barranquilla,Atlantico,404,21,C.C,3,9
10000000324,Danielle,Maddox,Femenino,Barranquilla,Atlantico,413,22,C.C,3,16
10000000325,Odessa,Park,Femenino,Bogota,Cundinamarca,323,18,C.C,1,6
10000000326,Veronica,Knapp,Femenino,Bogota,Cundinamarca,431,19,C.C,2,20
10000000327,Jescie,Copeland,No binario,Bogota,Cundinamarca,313,21,C.C,2,6
10000000328,Veronica,Tyson,No binario,Soacha,Cundinamarca,375,22,C.C,1,17
10000000329,Rhea,Love,Femenino,Bogota,Cundinamarca,363,17,T.I,2,18
10000000330,Dahlia,Mills,Femenino,Cartagena,Bolivar,346,22,C.C,2,22
10000000331,Amber,Stevenson,Femenino,Santa Marta,Magdalena,372,17,T.I,1,13
10000000332,Pandora,Thornton,No binario,Cali,Valle del Cauca,354,18,C.C,2,21
10000000333,Reagan,Weber,No binario,Palmira,Valle del Cauca,440,21,C.C,1,21
10000000334,Medge,Franklin,No binario,Cali,Valle del Cauca,366,18,C.C,2,18
10000000335,Miranda,Kidd,No binario,Bogota,Cundinamarca,352,22,C.C,1,6
10000000336,Marah,Hernandez,Femenino,Cartagena,Bolivar,356,18,C.C,2,18
10000000337,Reagan,Valdez,No binario,Barranquilla,Atlantico,430,21,C.C,3,19
10000000338,Amena,Dean,No binario,Cali,Valle del Cauca,389,18,C.C,3,15
10000000339,Yvette,Mathis,No binario,Santa Marta,Magdalena,356,21,C.C,2,17
10000000340,Whitney,Head,Femenino,Bogota,Cundinamarca,293,23,C.C,1,3
10000000341,Iris,Floyd,No binario,Tulua,Valle del Cauca,386,21,C.C,1,12
10000000342,Rylee,Grimes,No binario,Palmira,Valle del Cauca,290,20,C.C,2,10
10000000343,Lisandra,Alexander,Femenino,Cartagena,Bolivar,307,20,C.C,2,16
10000000344,Mara,Nieves,Femenino,Cali,Valle del Cauca,314,22,C.C,2,17
10000000345,Mira,Delacruz,No binario,Cartagena,Bolivar,315,23,C.C,1,24
10000000346,Anjolie,Stewart,No binario,Barranquilla,Atlantico,293,20,C.C,1,21
10000000347,Indira,Gill,Femenino,Tulua,Valle del Cauca,431,18,C.C,2,13
10000000348,Maisie,Phillips,Femenino,Bogota,Cundinamarca,390,20,C.C,3,19
10000000349,Britanney,Hoffman,Femenino,Palmira,Valle del Cauca,336,23,C.C,3,10
10000000350,Stella,Cabrera,Femenino,Cali,Valle del Cauca,303,22,C.C,2,1
10000000351,Madeson,Walls,Femenino,Cali,Valle del Cauca,413,21,C.C,2,24
10000000352,Tanisha,Rowland,Femenino,Cali,Valle del Cauca,418,23,C.C,1,4
10000000353,Morgan,Castaneda,No binario,Santa Marta,Magdalena,419,18,C.C,1,18
10000000354,Ulla,Keith,Femenino,Tulua,Valle del Cauca,402,19,C.C,1,18
10000000355,Yvette,Cannon,No binario,Cartagena,Bolivar,302,19,C.C,3,6
10000000356,Ramona,Wilcox,Femenino,Cali,Valle del Cauca,434,17,T.I,3,15
10000000357,Hillary,Roth,Femenino,Soacha,Cundinamarca,376,21,C.C,3,24
10000000358,Eliana,Powell,No binario,Bogota,Cundinamarca,415,21,C.C,2,4
10000000359,Briar,Dixon,Femenino,Cartagena,Bolivar,401,22,C.C,1,9
10000000360,Kaitlin,Little,Femenino,Santa Marta,Magdalena,440,17,T.I,3,11
10000000361,Blythe,Moss,No binario,Bogota,Cundinamarca,423,20,C.C,2,14
10000000362,Kaye,Vaughn,Femenino,Cartagena,Bolivar,333,19,C.C,2,21
10000000363,Janna,Watts,Femenino,Tulua,Valle del Cauca,449,19,C.C,2,19
10000000364,Rhea,Mckinney,Femenino,Aracataca,Magdalena,356,17,T.I,3,15
10000000365,Margaret,Hurley,Femenino,Cartagena,Bolivar,357,19,C.C,1,23
10000000366,Beverly,Hodge,Femenino,Santa Marta,Magdalena,388,22,C.C,2,22
10000000367,Alexandra,Lopez,No binario,Bogota,Cundinamarca,318,17,T.I,3,11
10000000368,Ella,Wheeler,Femenino,Palmira,Valle del Cauca,300,18,C.C,3,24
10000000369,Jaime,Moon,No binario,Cali,Valle del Cauca,394,22,C.C,2,20
10000000370,Stephanie,Morrow,Femenino,Palmira,Valle del Cauca,421,21,C.C,3,22
10000000371,Sierra,Rodriquez,Femenino,Santa Marta,Magdalena,364,18,C.C,3,12
10000000372,Angelica,Roy,No binario,Tulua,Valle del Cauca,439,17,T.I,2,16
10000000373,Dacey,Cooley,Femenino,Cali,Valle del Cauca,360,19,C.C,1,9
10000000374,Mara,Walton,Femenino,Santa Marta,Magdalena,381,23,C.C,2,15
10000000375,Jada,Sanders,No binario,Cali,Valle del Cauca,373,20,C.C,2,11
10000000376,Amity,Myers,Femenino,Aracataca,Magdalena,367,21,C.C,1,19
10000000377,Delilah,Hayden,No binario,Bogota,Cundinamarca,320,21,C.C,1,9
10000000378,Amelia,Santiago,Femenino,Cartagena,Bolivar,290,17,T.I,2,12
10000000379,Vivien,Johnston,Femenino,Bogota,Cundinamarca,338,19,C.C,2,15
10000000380,Jeanette,Shaffer,No binario,Soacha,Cundinamarca,337,17,T.I,2,5
10000000381,Shelby,Parks,Femenino,Soacha,Cundinamarca,331,16,T.I,3,11
10000000382,India,Kerr,Femenino,Santa Marta,Magdalena,300,22,C.C,2,17
10000000383,Amity,Chang,Femenino,Tulua,Valle del Cauca,293,23,C.C,2,3
10000000384,Hedda,Webster,Femenino,Cartagena,Bolivar,401,23,C.C,3,8
10000000385,Mari,Underwood,No binario,Cali,Valle del Cauca,432,20,C.C,1,16
10000000386,Darrel,Fulton,Femenino,Bogota,Cundinamarca,385,17,T.I,3,19
10000000387,Melanie,Hinton,No binario,Aracataca,Magdalena,435,21,C.C,1,1
10000000388,Signe,Cooley,No binario,Aracataca,Magdalena,314,16,T.I,2,8
10000000389,Portia,Cox,No binario,Cartagena,Bolivar,329,21,C.C,3,15
10000000390,Maite,Lucas,No binario,Barranquilla,Atlantico,376,16,T.I,3,2
10000000391,Rhonda,Golden,No binario,Tulua,Valle del Cauca,376,16,T.I,3,24
10000000392,Carla,Best,Femenino,Cali,Valle del Cauca,393,18,C.C,3,20
10000000393,Jennifer,Mcgowan,Femenino,Palmira,Valle del Cauca,292,16,T.I,2,12
10000000394,Francesca,Avila,No binario,Palmira,Valle del Cauca,393,22,C.C,1,19
10000000395,Calista,Herrera,Femenino,Palmira,Valle del Cauca,375,19,C.C,2,4
10000000396,Ila,Le,Femenino,Palmira,Valle del Cauca,360,18,C.C,3,14
10000000397,Tara,Browning,Femenino,Cartagena,Bolivar,340,23,C.C,2,19
10000000398,Jemima,Whitley,No binario,Palmira,Valle del Cauca,384,17,T.I,2,15
10000000399,Sonia,Morris,Femenino,Bogota,Cundinamarca,294,23,C.C,1,20
10000000400,Bryar,Moore,Femenino,Soacha,Cundinamarca,345,18,C.C,2,22
10000000401,Zelenia,Key,Femenino,Aracataca,Magdalena,345,20,C.C,3,15
10000000402,Amethyst,Charles,No binario,Cali,Valle del Cauca,387,23,C.C,2,17
10000000403,Larissa,O'connor,Femenino,Palmira,Valle del Cauca,349,18,C.C,1,7
10000000404,Germaine,Taylor,No binario,Palmira,Valle del Cauca,360,21,C.C,1,23
10000000405,Isadora,French,Femenino,Tulua,Valle del Cauca,316,17,T.I,1,24
10000000406,Jemima,Barker,No binario,Tulua,Valle del Cauca,342,20,C.C,2,6
10000000407,Carla,Estes,No binario,Tulua,Valle del Cauca,399,20,C.C,2,24
10000000408,Madonna,Chambers,No binario,Cartagena,Bolivar,332,20,C.C,2,3
10000000409,Tallulah,Hatfield,Femenino,Palmira,Valle del Cauca,357,20,C.C,2,19
10000000410,Alexis,Kirk,No binario,Palmira,Valle del Cauca,327,23,C.C,1,6
10000000411,Francesca,Clements,Femenino,Palmira,Valle del Cauca,292,21,C.C,3,4
10000000412,Paula,Sharpe,Femenino,Cartagena,Bolivar,439,17,T.I,2,13
10000000413,Dai,Franks,No binario,Tulua,Valle del Cauca,372,18,C.C,1,21
10000000414,Illiana,Carr,Femenino,Santa Marta,Magdalena,357,17,T.I,2,4
10000000415,Daphne,Nelson,No binario,Cartagena,Bolivar,306,22,C.C,3,14
10000000416,Ria,Gregory,Femenino,Cartagena,Bolivar,298,22,C.C,3,8
10000000417,Hedwig,Mclaughlin,Femenino,Cali,Valle del Cauca,361,19,C.C,2,2
10000000418,Georgia,Rojas,No binario,Barranquilla,Atlantico,412,19,C.C,2,15
10000000419,Charde,Young,Femenino,Barranquilla,Atlantico,291,22,C.C,1,21
10000000420,Kathleen,Fuentes,Femenino,Palmira,Valle del Cauca,440,18,C.C,1,18
10000000421,Melinda,Whitney,Femenino,Tulua,Valle del Cauca,336,21,C.C,2,10
10000000422,Nichole,Mccarty,No binario,Cartagena,Bolivar,310,16,T.I,3,12
10000000423,Dai,Levy,No binario,Santa Marta,Magdalena,342,18,C.C,2,15
10000000424,Lysandra,Schwartz,No binario,Palmira,Valle del Cauca,435,17,T.I,2,7
10000000425,Oprah,Cleveland,No binario,Tulua,Valle del Cauca,334,21,C.C,2,6
10000000426,Francesca,Hayes,No binario,Tulua,Valle del Cauca,363,22,C.C,2,17
10000000427,Fleur,Bishop,No binario,Cartagena,Bolivar,302,22,C.C,2,7
10000000428,Candace,Hebert,No binario,Tulua,Valle del Cauca,335,20,C.C,1,22
10000000429,Kitra,Hensley,No binario,Cali,Valle del Cauca,366,20,C.C,2,21
10000000430,Ora,Anderson,Femenino,Palmira,Valle del Cauca,307,21,C.C,2,7
10000000431,Aphrodite,Nolan,No binario,Aracataca,Magdalena,432,18,C.C,2,24
10000000432,Rachel,White,No binario,Santa Marta,Magdalena,323,16,T.I,2,16
10000000433,Fatima,Marks,Femenino,Palmira,Valle del Cauca,418,18,C.C,2,24
10000000434,Jane,Chavez,Femenino,Santa Marta,Magdalena,365,20,C.C,2,3
10000000435,Angela,Cameron,Femenino,Bogota,Cundinamarca,367,23,C.C,3,4
10000000436,Beverly,Benton,Femenino,Cali,Valle del Cauca,387,17,T.I,3,8
10000000437,Martena,Hanson,Femenino,Barranquilla,Atlantico,406,18,C.C,2,16
10000000438,Flavia,Mclean,No binario,Bogota,Cundinamarca,331,16,T.I,2,12
10000000439,Rose,Marks,No binario,Bogota,Cundinamarca,413,18,C.C,1,24
10000000440,Maile,Espinoza,No binario,Santa Marta,Magdalena,445,20,C.C,3,20
10000000441,Lani,Sandoval,Femenino,Bogota,Cundinamarca,391,16,T.I,3,21
10000000442,Inez,Hull,No binario,Aracataca,Magdalena,346,18,C.C,2,19
10000000443,Imelda,Clayton,Femenino,Soacha,Cundinamarca,443,21,C.C,3,13
10000000444,Kelly,Brady,No binario,Cartagena,Bolivar,422,21,C.C,2,20
10000000445,Daryl,Moran,No binario,Cartagena,Bolivar,330,19,C.C,1,24
10000000446,Mikayla,Petersen,Femenino,Santa Marta,Magdalena,339,22,C.C,3,5
10000000447,Callie,Kirk,Femenino,Santa Marta,Magdalena,402,22,C.C,2,17
10000000448,Danielle,Sims,No binario,Tulua,Valle del Cauca,344,20,C.C,3,10
10000000449,Kimberly,Gould,Femenino,Santa Marta,Magdalena,298,19,C.C,1,19
10000000450,Alexa,Pope,No binario,Tulua,Valle del Cauca,332,16,T.I,1,24
10000000451,Hermione,Bush,Femenino,Bogota,Cundinamarca,440,19,C.C,2,23
10000000452,India,Sweeney,No binario,Aracataca,Magdalena,393,19,C.C,1,17
10000000453,Kiayada,Rose,No binario,Tulua,Valle del Cauca,437,18,C.C,3,12
10000000454,Naida,Parker,No binario,Soacha,Cundinamarca,302,18,C.C,2,13
10000000455,Nayda,Diaz,Femenino,Barranquilla,Atlantico,429,22,C.C,2,8
10000000456,Joy,Sharpe,No binario,Aracataca,Magdalena,408,17,T.I,1,2
10000000457,Shelley,Mcfadden,No binario,Palmira,Valle del Cauca,389,22,C.C,2,13
10000000458,Brianna,Juarez,No binario,Bogota,Cundinamarca,392,19,C.C,2,15
10000000459,Haley,Newton,No binario,Tulua,Valle del Cauca,390,20,C.C,2,2
10000000460,Lisandra,Reilly,Femenino,Santa Marta,Magdalena,359,22,C.C,1,23
10000000461,Idola,Hendrix,Femenino,Barranquilla,Atlantico,426,18,C.C,2,22
10000000462,Brielle,Grimes,No binario,Cartagena,Bolivar,381,19,C.C,1,22
10000000463,Daryl,Peck,Femenino,Barranquilla,Atlantico,385,17,T.I,3,23
10000000464,Jennifer,Hardy,Femenino,Cali,Valle del Cauca,337,18,C.C,2,19
10000000465,Hillary,Benson,No binario,Cartagena,Bolivar,410,18,C.C,1,3
10000000466,Zia,Barton,No binario,Palmira,Valle del Cauca,442,17,T.I,3,22
10000000467,Cherokee,Mcgowan,No binario,Tulua,Valle del Cauca,325,22,C.C,3,7
10000000468,Gretchen,Carter,No binario,Barranquilla,Atlantico,432,20,C.C,1,10
10000000469,Briar,Downs,Femenino,Santa Marta,Magdalena,394,17,T.I,2,20
10000000470,Geraldine,Mcdonald,No binario,Cartagena,Bolivar,362,22,C.C,3,13
10000000471,Katell,Bender,Femenino,Cali,Valle del Cauca,423,22,C.C,3,18
10000000472,TaShya,Barker,Femenino,Palmira,Valle del Cauca,292,22,C.C,3,11
10000000473,Sydney,Beard,Femenino,Aracataca,Magdalena,437,22,C.C,2,14
10000000474,Ginger,Malone,No binario,Tulua,Valle del Cauca,447,17,T.I,3,22
10000000475,Aimee,Duran,Femenino,Barranquilla,Atlantico,352,23,C.C,2,24
10000000476,Azalia,Barry,No binario,Soacha,Cundinamarca,351,21,C.C,2,22
10000000477,Hanae,Justice,No binario,Palmira,Valle del Cauca,393,22,C.C,1,3
10000000478,Calista,Mcneil,Femenino,Palmira,Valle del Cauca,413,22,C.C,2,8
10000000479,Nell,Blake,Femenino,Bogota,Cundinamarca,333,19,C.C,1,23
10000000480,Sacha,Wright,No binario,Bogota,Cundinamarca,420,20,C.C,2,6
10000000481,Teagan,Robbins,No binario,Bogota,Cundinamarca,449,23,C.C,2,23
10000000482,Nevada,Patton,No binario,Bogota,Cundinamarca,334,16,T.I,1,9
10000000483,Ocean,Goff,Femenino,Aracataca,Magdalena,295,22,C.C,2,4
10000000484,Whilemina,Rice,Femenino,Santa Marta,Magdalena,319,16,T.I,2,23
10000000485,Kirsten,Brown,No binario,Tulua,Valle del Cauca,377,22,C.C,3,14
10000000486,Nichole,Larson,Femenino,Cartagena,Bolivar,391,19,C.C,3,2
10000000487,Rhea,Shepherd,Femenino,Palmira,Valle del Cauca,438,19,C.C,3,1
10000000488,Montana,James,Femenino,Tulua,Valle del Cauca,390,21,C.C,1,1
10000000489,Anjolie,Simmons,Femenino,Tulua,Valle del Cauca,430,20,C.C,2,19
10000000490,Cora,Peterson,Femenino,Barranquilla,Atlantico,448,17,T.I,3,2
10000000491,Erin,Torres,No binario,Barranquilla,Atlantico,313,22,C.C,2,2
10000000492,Ifeoma,Castaneda,Femenino,Palmira,Valle del Cauca,381,18,C.C,1,20
10000000493,Christen,Rios,Femenino,Barranquilla,Atlantico,330,23,C.C,1,18
10000000494,Madeson,Holt,Femenino,Barranquilla,Atlantico,312,19,C.C,3,5
10000000495,Aurora,Gates,No binario,Cali,Valle del Cauca,444,19,C.C,3,9
10000000496,Avye,Fulton,Femenino,Cali,Valle del Cauca,375,20,C.C,3,22
10000000497,Astra,Clayton,No binario,Cartagena,Bolivar,421,17,T.I,1,5
10000000498,Darryl,Hall,No binario,Bogota,Cundinamarca,391,18,C.C,2,24
10000000499,Amelia,Bender,No binario,Santa Marta,Magdalena,345,21,C.C,1,21